Scenario,Day,Day Name,Period,Time,Activity,Demand,Coverage,Gap,Status
3,1,Mon,1,00:00,Activity 1,1,0,-1,Undercover
3,1,Mon,1,00:00,Activity 2,2,2,0,Exact
3,1,Mon,2,00:15,Activity 1,0,0,0,Exact
3,1,Mon,2,00:15,Activity 2,2,2,0,Exact
3,1,Mon,3,00:30,Activity 1,3,2,-1,Undercover
3,1,Mon,3,00:30,Activity 2,7,0,-7,Undercover
3,1,Mon,4,00:45,Activity 1,5,2,-3,Undercover
3,1,Mon,4,00:45,Activity 2,2,2,0,Exact
3,1,Mon,5,01:00,Activity 1,3,1,-2,Undercover
3,1,Mon,5,01:00,Activity 2,3,3,0,Exact
3,1,Mon,6,01:15,Activity 1,2,0,-2,Undercover
3,1,Mon,6,01:15,Activity 2,4,4,0,Exact
3,1,Mon,7,01:30,Activity 1,3,3,0,Exact
3,1,Mon,7,01:30,Activity 2,4,1,-3,Undercover
3,1,Mon,8,01:45,Activity 1,2,3,1,Overcover
3,1,Mon,8,01:45,Activity 2,1,1,0,Exact
3,1,Mon,9,02:00,Activity 1,1,1,0,Exact
3,1,Mon,9,02:00,Activity 2,0,3,3,Overcover
3,1,Mon,10,02:15,Activity 1,2,2,0,Exact
3,1,Mon,10,02:15,Activity 2,0,2,2,Overcover
3,1,Mon,11,02:30,Activity 1,1,1,0,Exact
3,1,Mon,11,02:30,Activity 2,0,3,3,Overcover
3,1,Mon,12,02:45,Activity 1,4,4,0,Exact
3,1,Mon,12,02:45,Activity 2,0,2,2,Overcover
3,1,Mon,13,03:00,Activity 1,1,1,0,Exact
3,1,Mon,13,03:00,Activity 2,1,5,4,Overcover
3,1,Mon,14,03:15,Activity 1,4,4,0,Exact
3,1,Mon,14,03:15,Activity 2,3,2,-1,Undercover
3,1,Mon,15,03:30,Activity 1,5,5,0,Exact
3,1,Mon,15,03:30,Activity 2,1,1,0,Exact
3,1,Mon,16,03:45,Activity 1,2,4,2,Overcover
3,1,Mon,16,03:45,Activity 2,1,1,0,Exact
3,1,Mon,17,04:00,Activity 1,4,4,0,Exact
3,1,Mon,17,04:00,Activity 2,0,1,1,Overcover
3,1,Mon,18,04:15,Activity 1,3,3,0,Exact
3,1,Mon,18,04:15,Activity 2,3,2,-1,Undercover
3,1,Mon,19,04:30,Activity 1,1,3,2,Overcover
3,1,Mon,19,04:30,Activity 2,2,2,0,Exact
3,1,Mon,20,04:45,Activity 1,4,3,-1,Undercover
3,1,Mon,20,04:45,Activity 2,5,5,0,Exact
3,1,Mon,21,05:00,Activity 1,2,2,0,Exact
3,1,Mon,21,05:00,Activity 2,2,6,4,Overcover
3,1,Mon,22,05:15,Activity 1,5,6,1,Overcover
3,1,Mon,22,05:15,Activity 2,2,2,0,Exact
3,1,Mon,23,05:30,Activity 1,6,7,1,Overcover
3,1,Mon,23,05:30,Activity 2,1,1,0,Exact
3,1,Mon,24,05:45,Activity 1,1,1,0,Exact
3,1,Mon,24,05:45,Activity 2,1,7,6,Overcover
3,1,Mon,25,06:00,Activity 1,7,7,0,Exact
3,1,Mon,25,06:00,Activity 2,0,1,1,Overcover
3,1,Mon,26,06:15,Activity 1,8,8,0,Exact
3,1,Mon,26,06:15,Activity 2,3,0,-3,Undercover
3,1,Mon,27,06:30,Activity 1,6,6,0,Exact
3,1,Mon,27,06:30,Activity 2,0,2,2,Overcover
3,1,Mon,28,06:45,Activity 1,7,6,-1,Undercover
3,1,Mon,28,06:45,Activity 2,5,0,-5,Undercover
3,1,Mon,29,07:00,Activity 1,5,3,-2,Undercover
3,1,Mon,29,07:00,Activity 2,3,3,0,Exact
3,1,Mon,30,07:15,Activity 1,3,3,0,Exact
3,1,Mon,30,07:15,Activity 2,3,3,0,Exact
3,1,Mon,31,07:30,Activity 1,2,2,0,Exact
3,1,Mon,31,07:30,Activity 2,2,4,2,Overcover
3,1,Mon,32,07:45,Activity 1,1,5,4,Overcover
3,1,Mon,32,07:45,Activity 2,1,1,0,Exact
3,1,Mon,33,08:00,Activity 1,2,4,2,Overcover
3,1,Mon,33,08:00,Activity 2,2,2,0,Exact
3,1,Mon,34,08:15,Activity 1,3,3,0,Exact
3,1,Mon,34,08:15,Activity 2,3,3,0,Exact
3,1,Mon,35,08:30,Activity 1,1,4,3,Overcover
3,1,Mon,35,08:30,Activity 2,2,2,0,Exact
3,1,Mon,36,08:45,Activity 1,1,1,0,Exact
3,1,Mon,36,08:45,Activity 2,3,5,2,Overcover
3,1,Mon,37,09:00,Activity 1,10,6,-4,Undercover
3,1,Mon,37,09:00,Activity 2,3,0,-3,Undercover
3,1,Mon,38,09:15,Activity 1,4,4,0,Exact
3,1,Mon,38,09:15,Activity 2,2,2,0,Exact
3,1,Mon,39,09:30,Activity 1,6,6,0,Exact
3,1,Mon,39,09:30,Activity 2,0,0,0,Exact
3,1,Mon,40,09:45,Activity 1,4,2,-2,Undercover
3,1,Mon,40,09:45,Activity 2,4,4,0,Exact
3,1,Mon,41,10:00,Activity 1,7,6,-1,Undercover
3,1,Mon,41,10:00,Activity 2,1,0,-1,Undercover
3,1,Mon,42,10:15,Activity 1,3,3,0,Exact
3,1,Mon,42,10:15,Activity 2,2,3,1,Overcover
3,1,Mon,43,10:30,Activity 1,9,6,-3,Undercover
3,1,Mon,43,10:30,Activity 2,0,0,0,Exact
3,1,Mon,44,10:45,Activity 1,10,4,-6,Undercover
3,1,Mon,44,10:45,Activity 2,0,0,0,Exact
3,1,Mon,45,11:00,Activity 1,0,1,1,Overcover
3,1,Mon,45,11:00,Activity 2,3,3,0,Exact
3,1,Mon,46,11:15,Activity 1,2,2,0,Exact
3,1,Mon,46,11:15,Activity 2,2,2,0,Exact
3,1,Mon,47,11:30,Activity 1,1,1,0,Exact
3,1,Mon,47,11:30,Activity 2,3,3,0,Exact
3,1,Mon,48,11:45,Activity 1,6,3,-3,Undercover
3,1,Mon,48,11:45,Activity 2,0,0,0,Exact
3,1,Mon,49,12:00,Activity 1,2,2,0,Exact
3,1,Mon,49,12:00,Activity 2,1,1,0,Exact
3,1,Mon,50,12:15,Activity 1,3,3,0,Exact
3,1,Mon,50,12:15,Activity 2,0,0,0,Exact
3,1,Mon,51,12:30,Activity 1,1,0,-1,Undercover
3,1,Mon,51,12:30,Activity 2,3,3,0,Exact
3,1,Mon,52,12:45,Activity 1,4,0,-4,Undercover
3,1,Mon,52,12:45,Activity 2,0,0,0,Exact
3,1,Mon,53,13:00,Activity 1,2,0,-2,Undercover
3,1,Mon,53,13:00,Activity 2,1,0,-1,Undercover
3,1,Mon,54,13:15,Activity 1,3,0,-3,Undercover
3,1,Mon,54,13:15,Activity 2,2,0,-2,Undercover
3,1,Mon,55,13:30,Activity 1,7,0,-7,Undercover
3,1,Mon,55,13:30,Activity 2,0,0,0,Exact
3,1,Mon,56,13:45,Activity 1,4,2,-2,Undercover
3,1,Mon,56,13:45,Activity 2,6,0,-6,Undercover
3,1,Mon,57,14:00,Activity 1,4,2,-2,Undercover
3,1,Mon,57,14:00,Activity 2,2,0,-2,Undercover
3,1,Mon,58,14:15,Activity 1,5,2,-3,Undercover
3,1,Mon,58,14:15,Activity 2,0,0,0,Exact
3,1,Mon,59,14:30,Activity 1,6,2,-4,Undercover
3,1,Mon,59,14:30,Activity 2,0,0,0,Exact
3,1,Mon,60,14:45,Activity 1,1,1,0,Exact
3,1,Mon,60,14:45,Activity 2,6,1,-5,Undercover
3,1,Mon,61,15:00,Activity 1,2,2,0,Exact
3,1,Mon,61,15:00,Activity 2,3,0,-3,Undercover
3,1,Mon,62,15:15,Activity 1,3,1,-2,Undercover
3,1,Mon,62,15:15,Activity 2,1,1,0,Exact
3,1,Mon,63,15:30,Activity 1,0,1,1,Overcover
3,1,Mon,63,15:30,Activity 2,1,1,0,Exact
3,1,Mon,64,15:45,Activity 1,4,2,-2,Undercover
3,1,Mon,64,15:45,Activity 2,0,0,0,Exact
3,1,Mon,65,16:00,Activity 1,3,0,-3,Undercover
3,1,Mon,65,16:00,Activity 2,4,2,-2,Undercover
3,1,Mon,66,16:15,Activity 1,2,2,0,Exact
3,1,Mon,66,16:15,Activity 2,4,0,-4,Undercover
3,1,Mon,67,16:30,Activity 1,1,1,0,Exact
3,1,Mon,67,16:30,Activity 2,1,1,0,Exact
3,1,Mon,68,16:45,Activity 1,2,0,-2,Undercover
3,1,Mon,68,16:45,Activity 2,2,2,0,Exact
3,1,Mon,69,17:00,Activity 1,3,2,-1,Undercover
3,1,Mon,69,17:00,Activity 2,0,0,0,Exact
3,1,Mon,70,17:15,Activity 1,3,2,-1,Undercover
3,1,Mon,70,17:15,Activity 2,1,0,-1,Undercover
3,1,Mon,71,17:30,Activity 1,7,2,-5,Undercover
3,1,Mon,71,17:30,Activity 2,0,0,0,Exact
3,1,Mon,72,17:45,Activity 1,6,2,-4,Undercover
3,1,Mon,72,17:45,Activity 2,0,0,0,Exact
3,1,Mon,73,18:00,Activity 1,3,2,-1,Undercover
3,1,Mon,73,18:00,Activity 2,0,0,0,Exact
3,1,Mon,74,18:15,Activity 1,3,0,-3,Undercover
3,1,Mon,74,18:15,Activity 2,2,2,0,Exact
3,1,Mon,75,18:30,Activity 1,6,2,-4,Undercover
3,1,Mon,75,18:30,Activity 2,1,0,-1,Undercover
3,1,Mon,76,18:45,Activity 1,0,1,1,Overcover
3,1,Mon,76,18:45,Activity 2,1,1,0,Exact
3,1,Mon,77,19:00,Activity 1,4,2,-2,Undercover
3,1,Mon,77,19:00,Activity 2,2,0,-2,Undercover
3,1,Mon,78,19:15,Activity 1,3,2,-1,Undercover
3,1,Mon,78,19:15,Activity 2,4,0,-4,Undercover
3,1,Mon,79,19:30,Activity 1,2,2,0,Exact
3,1,Mon,79,19:30,Activity 2,1,0,-1,Undercover
3,1,Mon,80,19:45,Activity 1,3,0,-3,Undercover
3,1,Mon,80,19:45,Activity 2,2,0,-2,Undercover
3,1,Mon,81,20:00,Activity 1,2,0,-2,Undercover
3,1,Mon,81,20:00,Activity 2,1,0,-1,Undercover
3,1,Mon,82,20:15,Activity 1,0,0,0,Exact
3,1,Mon,82,20:15,Activity 2,0,0,0,Exact
3,1,Mon,83,20:30,Activity 1,1,0,-1,Undercover
3,1,Mon,83,20:30,Activity 2,3,0,-3,Undercover
3,1,Mon,84,20:45,Activity 1,0,0,0,Exact
3,1,Mon,84,20:45,Activity 2,0,0,0,Exact
3,1,Mon,85,21:00,Activity 1,3,0,-3,Undercover
3,1,Mon,85,21:00,Activity 2,3,0,-3,Undercover
3,1,Mon,86,21:15,Activity 1,3,0,-3,Undercover
3,1,Mon,86,21:15,Activity 2,0,0,0,Exact
3,1,Mon,87,21:30,Activity 1,2,0,-2,Undercover
3,1,Mon,87,21:30,Activity 2,0,0,0,Exact
3,1,Mon,88,21:45,Activity 1,2,0,-2,Undercover
3,1,Mon,88,21:45,Activity 2,0,0,0,Exact
3,1,Mon,89,22:00,Activity 1,0,0,0,Exact
3,1,Mon,89,22:00,Activity 2,1,0,-1,Undercover
3,1,Mon,90,22:15,Activity 1,3,0,-3,Undercover
3,1,Mon,90,22:15,Activity 2,1,0,-1,Undercover
3,1,Mon,91,22:30,Activity 1,2,0,-2,Undercover
3,1,Mon,91,22:30,Activity 2,0,0,0,Exact
3,1,Mon,92,22:45,Activity 1,2,0,-2,Undercover
3,1,Mon,92,22:45,Activity 2,3,0,-3,Undercover
3,1,Mon,93,23:00,Activity 1,3,0,-3,Undercover
3,1,Mon,93,23:00,Activity 2,5,0,-5,Undercover
3,1,Mon,94,23:15,Activity 1,0,0,0,Exact
3,1,Mon,94,23:15,Activity 2,0,0,0,Exact
3,1,Mon,95,23:30,Activity 1,0,0,0,Exact
3,1,Mon,95,23:30,Activity 2,0,0,0,Exact
3,1,Mon,96,23:45,Activity 1,0,0,0,Exact
3,1,Mon,96,23:45,Activity 2,0,0,0,Exact
3,2,Tue,1,00:00,Activity 1,1,1,0,Exact
3,2,Tue,1,00:00,Activity 2,0,0,0,Exact
3,2,Tue,2,00:15,Activity 1,2,1,-1,Undercover
3,2,Tue,2,00:15,Activity 2,3,0,-3,Undercover
3,2,Tue,3,00:30,Activity 1,4,1,-3,Undercover
3,2,Tue,3,00:30,Activity 2,2,0,-2,Undercover
3,2,Tue,4,00:45,Activity 1,1,1,0,Exact
3,2,Tue,4,00:45,Activity 2,2,3,1,Overcover
3,2,Tue,5,01:00,Activity 1,0,2,2,Overcover
3,2,Tue,5,01:00,Activity 2,2,2,0,Exact
3,2,Tue,6,01:15,Activity 1,2,2,0,Exact
3,2,Tue,6,01:15,Activity 2,3,2,-1,Undercover
3,2,Tue,7,01:30,Activity 1,4,4,0,Exact
3,2,Tue,7,01:30,Activity 2,1,0,-1,Undercover
3,2,Tue,8,01:45,Activity 1,1,1,0,Exact
3,2,Tue,8,01:45,Activity 2,0,6,6,Overcover
3,2,Tue,9,02:00,Activity 1,2,2,0,Exact
3,2,Tue,9,02:00,Activity 2,5,5,0,Exact
3,2,Tue,10,02:15,Activity 1,4,4,0,Exact
3,2,Tue,10,02:15,Activity 2,0,3,3,Overcover
3,2,Tue,11,02:30,Activity 1,1,6,5,Overcover
3,2,Tue,11,02:30,Activity 2,1,1,0,Exact
3,2,Tue,12,02:45,Activity 1,4,4,0,Exact
3,2,Tue,12,02:45,Activity 2,0,3,3,Overcover
3,2,Tue,13,03:00,Activity 1,3,3,0,Exact
3,2,Tue,13,03:00,Activity 2,0,4,4,Overcover
3,2,Tue,14,03:15,Activity 1,7,4,-3,Undercover
3,2,Tue,14,03:15,Activity 2,3,3,0,Exact
3,2,Tue,15,03:30,Activity 1,4,4,0,Exact
3,2,Tue,15,03:30,Activity 2,3,3,0,Exact
3,2,Tue,16,03:45,Activity 1,4,4,0,Exact
3,2,Tue,16,03:45,Activity 2,1,3,2,Overcover
3,2,Tue,17,04:00,Activity 1,2,6,4,Overcover
3,2,Tue,17,04:00,Activity 2,1,1,0,Exact
3,2,Tue,18,04:15,Activity 1,7,3,-4,Undercover
3,2,Tue,18,04:15,Activity 2,4,4,0,Exact
3,2,Tue,19,04:30,Activity 1,2,2,0,Exact
3,2,Tue,19,04:30,Activity 2,0,5,5,Overcover
3,2,Tue,20,04:45,Activity 1,3,3,0,Exact
3,2,Tue,20,04:45,Activity 2,1,6,5,Overcover
3,2,Tue,21,05:00,Activity 1,2,2,0,Exact
3,2,Tue,21,05:00,Activity 2,3,7,4,Overcover
3,2,Tue,22,05:15,Activity 1,1,1,0,Exact
3,2,Tue,22,05:15,Activity 2,0,8,8,Overcover
3,2,Tue,23,05:30,Activity 1,7,7,0,Exact
3,2,Tue,23,05:30,Activity 2,2,2,0,Exact
3,2,Tue,24,05:45,Activity 1,5,5,0,Exact
3,2,Tue,24,05:45,Activity 2,1,6,5,Overcover
3,2,Tue,25,06:00,Activity 1,4,4,0,Exact
3,2,Tue,25,06:00,Activity 2,0,7,7,Overcover
3,2,Tue,26,06:15,Activity 1,3,3,0,Exact
3,2,Tue,26,06:15,Activity 2,0,8,8,Overcover
3,2,Tue,27,06:30,Activity 1,6,6,0,Exact
3,2,Tue,27,06:30,Activity 2,2,5,3,Overcover
3,2,Tue,28,06:45,Activity 1,12,11,-1,Undercover
3,2,Tue,28,06:45,Activity 2,5,0,-5,Undercover
3,2,Tue,29,07:00,Activity 1,6,8,2,Overcover
3,2,Tue,29,07:00,Activity 2,3,3,0,Exact
3,2,Tue,30,07:15,Activity 1,5,8,3,Overcover
3,2,Tue,30,07:15,Activity 2,3,3,0,Exact
3,2,Tue,31,07:30,Activity 1,4,4,0,Exact
3,2,Tue,31,07:30,Activity 2,5,7,2,Overcover
3,2,Tue,32,07:45,Activity 1,2,2,0,Exact
3,2,Tue,32,07:45,Activity 2,3,7,4,Overcover
3,2,Tue,33,08:00,Activity 1,6,6,0,Exact
3,2,Tue,33,08:00,Activity 2,3,3,0,Exact
3,2,Tue,34,08:15,Activity 1,6,6,0,Exact
3,2,Tue,34,08:15,Activity 2,5,3,-2,Undercover
3,2,Tue,35,08:30,Activity 1,7,6,-1,Undercover
3,2,Tue,35,08:30,Activity 2,3,3,0,Exact
3,2,Tue,36,08:45,Activity 1,1,4,3,Overcover
3,2,Tue,36,08:45,Activity 2,2,2,0,Exact
3,2,Tue,37,09:00,Activity 1,6,6,0,Exact
3,2,Tue,37,09:00,Activity 2,3,0,-3,Undercover
3,2,Tue,38,09:15,Activity 1,2,2,0,Exact
3,2,Tue,38,09:15,Activity 2,4,4,0,Exact
3,2,Tue,39,09:30,Activity 1,8,2,-6,Undercover
3,2,Tue,39,09:30,Activity 2,4,4,0,Exact
3,2,Tue,40,09:45,Activity 1,7,4,-3,Undercover
3,2,Tue,40,09:45,Activity 2,5,5,0,Exact
3,2,Tue,41,10:00,Activity 1,0,9,9,Overcover
3,2,Tue,41,10:00,Activity 2,0,0,0,Exact
3,2,Tue,42,10:15,Activity 1,3,8,5,Overcover
3,2,Tue,42,10:15,Activity 2,1,1,0,Exact
3,2,Tue,43,10:30,Activity 1,6,6,0,Exact
3,2,Tue,43,10:30,Activity 2,6,3,-3,Undercover
3,2,Tue,44,10:45,Activity 1,9,9,0,Exact
3,2,Tue,44,10:45,Activity 2,0,0,0,Exact
3,2,Tue,45,11:00,Activity 1,5,5,0,Exact
3,2,Tue,45,11:00,Activity 2,4,4,0,Exact
3,2,Tue,46,11:15,Activity 1,6,6,0,Exact
3,2,Tue,46,11:15,Activity 2,0,3,3,Overcover
3,2,Tue,47,11:30,Activity 1,5,5,0,Exact
3,2,Tue,47,11:30,Activity 2,1,4,3,Overcover
3,2,Tue,48,11:45,Activity 1,6,8,2,Overcover
3,2,Tue,48,11:45,Activity 2,1,1,0,Exact
3,2,Tue,49,12:00,Activity 1,5,6,1,Overcover
3,2,Tue,49,12:00,Activity 2,3,3,0,Exact
3,2,Tue,50,12:15,Activity 1,8,8,0,Exact
3,2,Tue,50,12:15,Activity 2,3,1,-2,Undercover
3,2,Tue,51,12:30,Activity 1,5,5,0,Exact
3,2,Tue,51,12:30,Activity 2,4,4,0,Exact
3,2,Tue,52,12:45,Activity 1,2,1,-1,Undercover
3,2,Tue,52,12:45,Activity 2,6,6,0,Exact
3,2,Tue,53,13:00,Activity 1,1,3,2,Overcover
3,2,Tue,53,13:00,Activity 2,4,4,0,Exact
3,2,Tue,54,13:15,Activity 1,10,7,-3,Undercover
3,2,Tue,54,13:15,Activity 2,0,0,0,Exact
3,2,Tue,55,13:30,Activity 1,2,5,3,Overcover
3,2,Tue,55,13:30,Activity 2,2,2,0,Exact
3,2,Tue,56,13:45,Activity 1,4,4,0,Exact
3,2,Tue,56,13:45,Activity 2,3,3,0,Exact
3,2,Tue,57,14:00,Activity 1,8,5,-3,Undercover
3,2,Tue,57,14:00,Activity 2,2,2,0,Exact
3,2,Tue,58,14:15,Activity 1,3,5,2,Overcover
3,2,Tue,58,14:15,Activity 2,2,2,0,Exact
3,2,Tue,59,14:30,Activity 1,8,0,-8,Undercover
3,2,Tue,59,14:30,Activity 2,9,7,-2,Undercover
3,2,Tue,60,14:45,Activity 1,2,6,4,Overcover
3,2,Tue,60,14:45,Activity 2,1,1,0,Exact
3,2,Tue,61,15:00,Activity 1,8,7,-1,Undercover
3,2,Tue,61,15:00,Activity 2,1,0,-1,Undercover
3,2,Tue,62,15:15,Activity 1,2,2,0,Exact
3,2,Tue,62,15:15,Activity 2,0,5,5,Overcover
3,2,Tue,63,15:30,Activity 1,4,4,0,Exact
3,2,Tue,63,15:30,Activity 2,0,3,3,Overcover
3,2,Tue,64,15:45,Activity 1,2,2,0,Exact
3,2,Tue,64,15:45,Activity 2,3,5,2,Overcover
3,2,Tue,65,16:00,Activity 1,1,1,0,Exact
3,2,Tue,65,16:00,Activity 2,6,6,0,Exact
3,2,Tue,66,16:15,Activity 1,1,5,4,Overcover
3,2,Tue,66,16:15,Activity 2,2,2,0,Exact
3,2,Tue,67,16:30,Activity 1,3,3,0,Exact
3,2,Tue,67,16:30,Activity 2,4,4,0,Exact
3,2,Tue,68,16:45,Activity 1,7,5,-2,Undercover
3,2,Tue,68,16:45,Activity 2,2,2,0,Exact
3,2,Tue,69,17:00,Activity 1,3,3,0,Exact
3,2,Tue,69,17:00,Activity 2,2,4,2,Overcover
3,2,Tue,70,17:15,Activity 1,2,4,2,Overcover
3,2,Tue,70,17:15,Activity 2,3,3,0,Exact
3,2,Tue,71,17:30,Activity 1,5,3,-2,Undercover
3,2,Tue,71,17:30,Activity 2,4,4,0,Exact
3,2,Tue,72,17:45,Activity 1,3,3,0,Exact
3,2,Tue,72,17:45,Activity 2,0,1,1,Overcover
3,2,Tue,73,18:00,Activity 1,2,2,0,Exact
3,2,Tue,73,18:00,Activity 2,3,2,-1,Undercover
3,2,Tue,74,18:15,Activity 1,2,3,1,Overcover
3,2,Tue,74,18:15,Activity 2,1,1,0,Exact
3,2,Tue,75,18:30,Activity 1,2,3,1,Overcover
3,2,Tue,75,18:30,Activity 2,1,1,0,Exact
3,2,Tue,76,18:45,Activity 1,3,2,-1,Undercover
3,2,Tue,76,18:45,Activity 2,2,2,0,Exact
3,2,Tue,77,19:00,Activity 1,7,4,-3,Undercover
3,2,Tue,77,19:00,Activity 2,1,0,-1,Undercover
3,2,Tue,78,19:15,Activity 1,1,1,0,Exact
3,2,Tue,78,19:15,Activity 2,0,3,3,Overcover
3,2,Tue,79,19:30,Activity 1,1,2,1,Overcover
3,2,Tue,79,19:30,Activity 2,2,2,0,Exact
3,2,Tue,80,19:45,Activity 1,3,0,-3,Undercover
3,2,Tue,80,19:45,Activity 2,2,0,-2,Undercover
3,2,Tue,81,20:00,Activity 1,3,0,-3,Undercover
3,2,Tue,81,20:00,Activity 2,0,0,0,Exact
3,2,Tue,82,20:15,Activity 1,0,0,0,Exact
3,2,Tue,82,20:15,Activity 2,1,0,-1,Undercover
3,2,Tue,83,20:30,Activity 1,3,0,-3,Undercover
3,2,Tue,83,20:30,Activity 2,1,0,-1,Undercover
3,2,Tue,84,20:45,Activity 1,2,0,-2,Undercover
3,2,Tue,84,20:45,Activity 2,1,0,-1,Undercover
3,2,Tue,85,21:00,Activity 1,1,0,-1,Undercover
3,2,Tue,85,21:00,Activity 2,1,0,-1,Undercover
3,2,Tue,86,21:15,Activity 1,0,0,0,Exact
3,2,Tue,86,21:15,Activity 2,1,0,-1,Undercover
3,2,Tue,87,21:30,Activity 1,2,0,-2,Undercover
3,2,Tue,87,21:30,Activity 2,3,0,-3,Undercover
3,2,Tue,88,21:45,Activity 1,3,0,-3,Undercover
3,2,Tue,88,21:45,Activity 2,0,0,0,Exact
3,2,Tue,89,22:00,Activity 1,1,0,-1,Undercover
3,2,Tue,89,22:00,Activity 2,1,0,-1,Undercover
3,2,Tue,90,22:15,Activity 1,3,0,-3,Undercover
3,2,Tue,90,22:15,Activity 2,1,0,-1,Undercover
3,2,Tue,91,22:30,Activity 1,6,0,-6,Undercover
3,2,Tue,91,22:30,Activity 2,0,0,0,Exact
3,2,Tue,92,22:45,Activity 1,0,0,0,Exact
3,2,Tue,92,22:45,Activity 2,1,0,-1,Undercover
3,2,Tue,93,23:00,Activity 1,4,0,-4,Undercover
3,2,Tue,93,23:00,Activity 2,1,0,-1,Undercover
3,2,Tue,94,23:15,Activity 1,0,0,0,Exact
3,2,Tue,94,23:15,Activity 2,1,0,-1,Undercover
3,2,Tue,95,23:30,Activity 1,2,0,-2,Undercover
3,2,Tue,95,23:30,Activity 2,1,0,-1,Undercover
3,2,Tue,96,23:45,Activity 1,0,0,0,Exact
3,2,Tue,96,23:45,Activity 2,0,0,0,Exact
3,3,Wed,1,00:00,Activity 1,5,0,-5,Undercover
3,3,Wed,1,00:00,Activity 2,2,0,-2,Undercover
3,3,Wed,2,00:15,Activity 1,1,0,-1,Undercover
3,3,Wed,2,00:15,Activity 2,2,0,-2,Undercover
3,3,Wed,3,00:30,Activity 1,5,0,-5,Undercover
3,3,Wed,3,00:30,Activity 2,1,0,-1,Undercover
3,3,Wed,4,00:45,Activity 1,0,0,0,Exact
3,3,Wed,4,00:45,Activity 2,1,0,-1,Undercover
3,3,Wed,5,01:00,Activity 1,5,0,-5,Undercover
3,3,Wed,5,01:00,Activity 2,0,0,0,Exact
3,3,Wed,6,01:15,Activity 1,3,0,-3,Undercover
3,3,Wed,6,01:15,Activity 2,4,0,-4,Undercover
3,3,Wed,7,01:30,Activity 1,1,0,-1,Undercover
3,3,Wed,7,01:30,Activity 2,1,0,-1,Undercover
3,3,Wed,8,01:45,Activity 1,3,0,-3,Undercover
3,3,Wed,8,01:45,Activity 2,1,0,-1,Undercover
3,3,Wed,9,02:00,Activity 1,3,0,-3,Undercover
3,3,Wed,9,02:00,Activity 2,0,0,0,Exact
3,3,Wed,10,02:15,Activity 1,2,0,-2,Undercover
3,3,Wed,10,02:15,Activity 2,1,0,-1,Undercover
3,3,Wed,11,02:30,Activity 1,3,0,-3,Undercover
3,3,Wed,11,02:30,Activity 2,1,0,-1,Undercover
3,3,Wed,12,02:45,Activity 1,3,0,-3,Undercover
3,3,Wed,12,02:45,Activity 2,1,0,-1,Undercover
3,3,Wed,13,03:00,Activity 1,6,0,-6,Undercover
3,3,Wed,13,03:00,Activity 2,2,0,-2,Undercover
3,3,Wed,14,03:15,Activity 1,5,0,-5,Undercover
3,3,Wed,14,03:15,Activity 2,1,0,-1,Undercover
3,3,Wed,15,03:30,Activity 1,6,0,-6,Undercover
3,3,Wed,15,03:30,Activity 2,0,0,0,Exact
3,3,Wed,16,03:45,Activity 1,1,0,-1,Undercover
3,3,Wed,16,03:45,Activity 2,2,0,-2,Undercover
3,3,Wed,17,04:00,Activity 1,3,0,-3,Undercover
3,3,Wed,17,04:00,Activity 2,1,0,-1,Undercover
3,3,Wed,18,04:15,Activity 1,4,0,-4,Undercover
3,3,Wed,18,04:15,Activity 2,1,0,-1,Undercover
3,3,Wed,19,04:30,Activity 1,4,0,-4,Undercover
3,3,Wed,19,04:30,Activity 2,4,0,-4,Undercover
3,3,Wed,20,04:45,Activity 1,6,0,-6,Undercover
3,3,Wed,20,04:45,Activity 2,4,0,-4,Undercover
3,3,Wed,21,05:00,Activity 1,9,0,-9,Undercover
3,3,Wed,21,05:00,Activity 2,0,0,0,Exact
3,3,Wed,22,05:15,Activity 1,4,0,-4,Undercover
3,3,Wed,22,05:15,Activity 2,4,0,-4,Undercover
3,3,Wed,23,05:30,Activity 1,1,0,-1,Undercover
3,3,Wed,23,05:30,Activity 2,1,0,-1,Undercover
3,3,Wed,24,05:45,Activity 1,9,0,-9,Undercover
3,3,Wed,24,05:45,Activity 2,0,0,0,Exact
3,3,Wed,25,06:00,Activity 1,2,0,-2,Undercover
3,3,Wed,25,06:00,Activity 2,3,0,-3,Undercover
3,3,Wed,26,06:15,Activity 1,8,0,-8,Undercover
3,3,Wed,26,06:15,Activity 2,4,0,-4,Undercover
3,3,Wed,27,06:30,Activity 1,5,0,-5,Undercover
3,3,Wed,27,06:30,Activity 2,1,0,-1,Undercover
3,3,Wed,28,06:45,Activity 1,6,3,-3,Undercover
3,3,Wed,28,06:45,Activity 2,3,0,-3,Undercover
3,3,Wed,29,07:00,Activity 1,2,2,0,Exact
3,3,Wed,29,07:00,Activity 2,3,1,-2,Undercover
3,3,Wed,30,07:15,Activity 1,7,0,-7,Undercover
3,3,Wed,30,07:15,Activity 2,3,3,0,Exact
3,3,Wed,31,07:30,Activity 1,3,1,-2,Undercover
3,3,Wed,31,07:30,Activity 2,2,2,0,Exact
3,3,Wed,32,07:45,Activity 1,4,0,-4,Undercover
3,3,Wed,32,07:45,Activity 2,5,5,0,Exact
3,3,Wed,33,08:00,Activity 1,3,3,0,Exact
3,3,Wed,33,08:00,Activity 2,6,2,-4,Undercover
3,3,Wed,34,08:15,Activity 1,4,0,-4,Undercover
3,3,Wed,34,08:15,Activity 2,6,5,-1,Undercover
3,3,Wed,35,08:30,Activity 1,8,0,-8,Undercover
3,3,Wed,35,08:30,Activity 2,5,5,0,Exact
3,3,Wed,36,08:45,Activity 1,2,9,7,Overcover
3,3,Wed,36,08:45,Activity 2,1,1,0,Exact
3,3,Wed,37,09:00,Activity 1,4,6,2,Overcover
3,3,Wed,37,09:00,Activity 2,4,4,0,Exact
3,3,Wed,38,09:15,Activity 1,2,2,0,Exact
3,3,Wed,38,09:15,Activity 2,3,8,5,Overcover
3,3,Wed,39,09:30,Activity 1,7,7,0,Exact
3,3,Wed,39,09:30,Activity 2,5,3,-2,Undercover
3,3,Wed,40,09:45,Activity 1,6,6,0,Exact
3,3,Wed,40,09:45,Activity 2,1,4,3,Overcover
3,3,Wed,41,10:00,Activity 1,4,6,2,Overcover
3,3,Wed,41,10:00,Activity 2,4,4,0,Exact
3,3,Wed,42,10:15,Activity 1,2,2,0,Exact
3,3,Wed,42,10:15,Activity 2,0,8,8,Overcover
3,3,Wed,43,10:30,Activity 1,3,3,0,Exact
3,3,Wed,43,10:30,Activity 2,2,7,5,Overcover
3,3,Wed,44,10:45,Activity 1,5,5,0,Exact
3,3,Wed,44,10:45,Activity 2,0,6,6,Overcover
3,3,Wed,45,11:00,Activity 1,3,4,1,Overcover
3,3,Wed,45,11:00,Activity 2,7,7,0,Exact
3,3,Wed,46,11:15,Activity 1,3,3,0,Exact
3,3,Wed,46,11:15,Activity 2,1,8,7,Overcover
3,3,Wed,47,11:30,Activity 1,5,5,0,Exact
3,3,Wed,47,11:30,Activity 2,5,6,1,Overcover
3,3,Wed,48,11:45,Activity 1,7,7,0,Exact
3,3,Wed,48,11:45,Activity 2,2,4,2,Overcover
3,3,Wed,49,12:00,Activity 1,2,2,0,Exact
3,3,Wed,49,12:00,Activity 2,1,9,8,Overcover
3,3,Wed,50,12:15,Activity 1,0,9,9,Overcover
3,3,Wed,50,12:15,Activity 2,2,2,0,Exact
3,3,Wed,51,12:30,Activity 1,3,3,0,Exact
3,3,Wed,51,12:30,Activity 2,1,8,7,Overcover
3,3,Wed,52,12:45,Activity 1,4,4,0,Exact
3,3,Wed,52,12:45,Activity 2,3,4,1,Overcover
3,3,Wed,53,13:00,Activity 1,1,6,5,Overcover
3,3,Wed,53,13:00,Activity 2,2,2,0,Exact
3,3,Wed,54,13:15,Activity 1,3,3,0,Exact
3,3,Wed,54,13:15,Activity 2,1,5,4,Overcover
3,3,Wed,55,13:30,Activity 1,5,5,0,Exact
3,3,Wed,55,13:30,Activity 2,6,3,-3,Undercover
3,3,Wed,56,13:45,Activity 1,5,6,1,Overcover
3,3,Wed,56,13:45,Activity 2,2,2,0,Exact
3,3,Wed,57,14:00,Activity 1,2,2,0,Exact
3,3,Wed,57,14:00,Activity 2,0,6,6,Overcover
3,3,Wed,58,14:15,Activity 1,5,5,0,Exact
3,3,Wed,58,14:15,Activity 2,3,3,0,Exact
3,3,Wed,59,14:30,Activity 1,4,4,0,Exact
3,3,Wed,59,14:30,Activity 2,2,4,2,Overcover
3,3,Wed,60,14:45,Activity 1,4,8,4,Overcover
3,3,Wed,60,14:45,Activity 2,3,3,0,Exact
3,3,Wed,61,15:00,Activity 1,1,9,8,Overcover
3,3,Wed,61,15:00,Activity 2,2,2,0,Exact
3,3,Wed,62,15:15,Activity 1,1,1,0,Exact
3,3,Wed,62,15:15,Activity 2,1,10,9,Overcover
3,3,Wed,63,15:30,Activity 1,7,9,2,Overcover
3,3,Wed,63,15:30,Activity 2,2,2,0,Exact
3,3,Wed,64,15:45,Activity 1,5,5,0,Exact
3,3,Wed,64,15:45,Activity 2,5,4,-1,Undercover
3,3,Wed,65,16:00,Activity 1,6,3,-3,Undercover
3,3,Wed,65,16:00,Activity 2,6,6,0,Exact
3,3,Wed,66,16:15,Activity 1,3,3,0,Exact
3,3,Wed,66,16:15,Activity 2,3,6,3,Overcover
3,3,Wed,67,16:30,Activity 1,3,3,0,Exact
3,3,Wed,67,16:30,Activity 2,5,6,1,Overcover
3,3,Wed,68,16:45,Activity 1,2,2,0,Exact
3,3,Wed,68,16:45,Activity 2,1,3,2,Overcover
3,3,Wed,69,17:00,Activity 1,5,5,0,Exact
3,3,Wed,69,17:00,Activity 2,0,0,0,Exact
3,3,Wed,70,17:15,Activity 1,2,2,0,Exact
3,3,Wed,70,17:15,Activity 2,3,3,0,Exact
3,3,Wed,71,17:30,Activity 1,5,5,0,Exact
3,3,Wed,71,17:30,Activity 2,5,0,-5,Undercover
3,3,Wed,72,17:45,Activity 1,2,3,1,Overcover
3,3,Wed,72,17:45,Activity 2,2,2,0,Exact
3,3,Wed,73,18:00,Activity 1,5,5,0,Exact
3,3,Wed,73,18:00,Activity 2,0,0,0,Exact
3,3,Wed,74,18:15,Activity 1,5,5,0,Exact
3,3,Wed,74,18:15,Activity 2,0,0,0,Exact
3,3,Wed,75,18:30,Activity 1,4,1,-3,Undercover
3,3,Wed,75,18:30,Activity 2,4,4,0,Exact
3,3,Wed,76,18:45,Activity 1,2,2,0,Exact
3,3,Wed,76,18:45,Activity 2,5,3,-2,Undercover
3,3,Wed,77,19:00,Activity 1,7,4,-3,Undercover
3,3,Wed,77,19:00,Activity 2,1,1,0,Exact
3,3,Wed,78,19:15,Activity 1,4,2,-2,Undercover
3,3,Wed,78,19:15,Activity 2,3,3,0,Exact
3,3,Wed,79,19:30,Activity 1,0,4,4,Overcover
3,3,Wed,79,19:30,Activity 2,1,1,0,Exact
3,3,Wed,80,19:45,Activity 1,4,3,-1,Undercover
3,3,Wed,80,19:45,Activity 2,2,2,0,Exact
3,3,Wed,81,20:00,Activity 1,1,1,0,Exact
3,3,Wed,81,20:00,Activity 2,5,4,-1,Undercover
3,3,Wed,82,20:15,Activity 1,7,5,-2,Undercover
3,3,Wed,82,20:15,Activity 2,2,0,-2,Undercover
3,3,Wed,83,20:30,Activity 1,1,1,0,Exact
3,3,Wed,83,20:30,Activity 2,2,4,2,Overcover
3,3,Wed,84,20:45,Activity 1,4,4,0,Exact
3,3,Wed,84,20:45,Activity 2,1,1,0,Exact
3,3,Wed,85,21:00,Activity 1,2,2,0,Exact
3,3,Wed,85,21:00,Activity 2,1,3,2,Overcover
3,3,Wed,86,21:15,Activity 1,1,4,3,Overcover
3,3,Wed,86,21:15,Activity 2,1,1,0,Exact
3,3,Wed,87,21:30,Activity 1,0,5,5,Overcover
3,3,Wed,87,21:30,Activity 2,0,0,0,Exact
3,3,Wed,88,21:45,Activity 1,1,1,0,Exact
3,3,Wed,88,21:45,Activity 2,0,4,4,Overcover
3,3,Wed,89,22:00,Activity 1,2,2,0,Exact
3,3,Wed,89,22:00,Activity 2,1,3,2,Overcover
3,3,Wed,90,22:15,Activity 1,2,2,0,Exact
3,3,Wed,90,22:15,Activity 2,0,3,3,Overcover
3,3,Wed,91,22:30,Activity 1,2,2,0,Exact
3,3,Wed,91,22:30,Activity 2,7,3,-4,Undercover
3,3,Wed,92,22:45,Activity 1,4,0,-4,Undercover
3,3,Wed,92,22:45,Activity 2,2,0,-2,Undercover
3,3,Wed,93,23:00,Activity 1,1,0,-1,Undercover
3,3,Wed,93,23:00,Activity 2,1,0,-1,Undercover
3,3,Wed,94,23:15,Activity 1,4,0,-4,Undercover
3,3,Wed,94,23:15,Activity 2,0,0,0,Exact
3,3,Wed,95,23:30,Activity 1,2,0,-2,Undercover
3,3,Wed,95,23:30,Activity 2,2,0,-2,Undercover
3,3,Wed,96,23:45,Activity 1,0,0,0,Exact
3,3,Wed,96,23:45,Activity 2,0,0,0,Exact
3,4,Thu,1,00:00,Activity 1,2,0,-2,Undercover
3,4,Thu,1,00:00,Activity 2,3,0,-3,Undercover
3,4,Thu,2,00:15,Activity 1,6,0,-6,Undercover
3,4,Thu,2,00:15,Activity 2,3,0,-3,Undercover
3,4,Thu,3,00:30,Activity 1,3,0,-3,Undercover
3,4,Thu,3,00:30,Activity 2,0,0,0,Exact
3,4,Thu,4,00:45,Activity 1,3,2,-1,Undercover
3,4,Thu,4,00:45,Activity 2,0,0,0,Exact
3,4,Thu,5,01:00,Activity 1,2,2,0,Exact
3,4,Thu,5,01:00,Activity 2,0,0,0,Exact
3,4,Thu,6,01:15,Activity 1,5,2,-3,Undercover
3,4,Thu,6,01:15,Activity 2,0,0,0,Exact
3,4,Thu,7,01:30,Activity 1,10,2,-8,Undercover
3,4,Thu,7,01:30,Activity 2,0,0,0,Exact
3,4,Thu,8,01:45,Activity 1,5,2,-3,Undercover
3,4,Thu,8,01:45,Activity 2,0,0,0,Exact
3,4,Thu,9,02:00,Activity 1,4,2,-2,Undercover
3,4,Thu,9,02:00,Activity 2,0,0,0,Exact
3,4,Thu,10,02:15,Activity 1,5,2,-3,Undercover
3,4,Thu,10,02:15,Activity 2,0,0,0,Exact
3,4,Thu,11,02:30,Activity 1,4,1,-3,Undercover
3,4,Thu,11,02:30,Activity 2,1,1,0,Exact
3,4,Thu,12,02:45,Activity 1,3,2,-1,Undercover
3,4,Thu,12,02:45,Activity 2,1,0,-1,Undercover
3,4,Thu,13,03:00,Activity 1,3,2,-1,Undercover
3,4,Thu,13,03:00,Activity 2,0,0,0,Exact
3,4,Thu,14,03:15,Activity 1,3,2,-1,Undercover
3,4,Thu,14,03:15,Activity 2,0,0,0,Exact
3,4,Thu,15,03:30,Activity 1,1,1,0,Exact
3,4,Thu,15,03:30,Activity 2,0,1,1,Overcover
3,4,Thu,16,03:45,Activity 1,4,4,0,Exact
3,4,Thu,16,03:45,Activity 2,0,0,0,Exact
3,4,Thu,17,04:00,Activity 1,4,4,0,Exact
3,4,Thu,17,04:00,Activity 2,4,0,-4,Undercover
3,4,Thu,18,04:15,Activity 1,2,2,0,Exact
3,4,Thu,18,04:15,Activity 2,0,2,2,Overcover
3,4,Thu,19,04:30,Activity 1,4,4,0,Exact
3,4,Thu,19,04:30,Activity 2,1,0,-1,Undercover
3,4,Thu,20,04:45,Activity 1,3,3,0,Exact
3,4,Thu,20,04:45,Activity 2,0,4,4,Overcover
3,4,Thu,21,05:00,Activity 1,2,2,0,Exact
3,4,Thu,21,05:00,Activity 2,2,5,3,Overcover
3,4,Thu,22,05:15,Activity 1,3,3,0,Exact
3,4,Thu,22,05:15,Activity 2,2,4,2,Overcover
3,4,Thu,23,05:30,Activity 1,4,5,1,Overcover
3,4,Thu,23,05:30,Activity 2,2,2,0,Exact
3,4,Thu,24,05:45,Activity 1,7,7,0,Exact
3,4,Thu,24,05:45,Activity 2,3,0,-3,Undercover
3,4,Thu,25,06:00,Activity 1,5,6,1,Overcover
3,4,Thu,25,06:00,Activity 2,1,1,0,Exact
3,4,Thu,26,06:15,Activity 1,7,6,-1,Undercover
3,4,Thu,26,06:15,Activity 2,1,1,0,Exact
3,4,Thu,27,06:30,Activity 1,14,7,-7,Undercover
3,4,Thu,27,06:30,Activity 2,4,0,-4,Undercover
3,4,Thu,28,06:45,Activity 1,3,3,0,Exact
3,4,Thu,28,06:45,Activity 2,1,2,1,Overcover
3,4,Thu,29,07:00,Activity 1,2,2,0,Exact
3,4,Thu,29,07:00,Activity 2,1,3,2,Overcover
3,4,Thu,30,07:15,Activity 1,14,5,-9,Undercover
3,4,Thu,30,07:15,Activity 2,3,0,-3,Undercover
3,4,Thu,31,07:30,Activity 1,2,2,0,Exact
3,4,Thu,31,07:30,Activity 2,2,3,1,Overcover
3,4,Thu,32,07:45,Activity 1,8,3,-5,Undercover
3,4,Thu,32,07:45,Activity 2,3,3,0,Exact
3,4,Thu,33,08:00,Activity 1,1,4,3,Overcover
3,4,Thu,33,08:00,Activity 2,2,2,0,Exact
3,4,Thu,34,08:15,Activity 1,12,6,-6,Undercover
3,4,Thu,34,08:15,Activity 2,4,0,-4,Undercover
3,4,Thu,35,08:30,Activity 1,4,4,0,Exact
3,4,Thu,35,08:30,Activity 2,0,2,2,Overcover
3,4,Thu,36,08:45,Activity 1,4,4,0,Exact
3,4,Thu,36,08:45,Activity 2,2,4,2,Overcover
3,4,Thu,37,09:00,Activity 1,4,4,0,Exact
3,4,Thu,37,09:00,Activity 2,1,4,3,Overcover
3,4,Thu,38,09:15,Activity 1,5,5,0,Exact
3,4,Thu,38,09:15,Activity 2,1,3,2,Overcover
3,4,Thu,39,09:30,Activity 1,4,5,1,Overcover
3,4,Thu,39,09:30,Activity 2,3,3,0,Exact
3,4,Thu,40,09:45,Activity 1,4,8,4,Overcover
3,4,Thu,40,09:45,Activity 2,2,2,0,Exact
3,4,Thu,41,10:00,Activity 1,13,10,-3,Undercover
3,4,Thu,41,10:00,Activity 2,3,0,-3,Undercover
3,4,Thu,42,10:15,Activity 1,6,9,3,Overcover
3,4,Thu,42,10:15,Activity 2,1,1,0,Exact
3,4,Thu,43,10:30,Activity 1,8,8,0,Exact
3,4,Thu,43,10:30,Activity 2,6,2,-4,Undercover
3,4,Thu,44,10:45,Activity 1,5,5,0,Exact
3,4,Thu,44,10:45,Activity 2,4,5,1,Overcover
3,4,Thu,45,11:00,Activity 1,3,3,0,Exact
3,4,Thu,45,11:00,Activity 2,0,7,7,Overcover
3,4,Thu,46,11:15,Activity 1,4,4,0,Exact
3,4,Thu,46,11:15,Activity 2,7,6,-1,Undercover
3,4,Thu,47,11:30,Activity 1,5,7,2,Overcover
3,4,Thu,47,11:30,Activity 2,3,3,0,Exact
3,4,Thu,48,11:45,Activity 1,5,6,1,Overcover
3,4,Thu,48,11:45,Activity 2,2,2,0,Exact
3,4,Thu,49,12:00,Activity 1,3,7,4,Overcover
3,4,Thu,49,12:00,Activity 2,1,1,0,Exact
3,4,Thu,50,12:15,Activity 1,4,5,1,Overcover
3,4,Thu,50,12:15,Activity 2,3,3,0,Exact
3,4,Thu,51,12:30,Activity 1,4,3,-1,Undercover
3,4,Thu,51,12:30,Activity 2,5,5,0,Exact
3,4,Thu,52,12:45,Activity 1,2,8,6,Overcover
3,4,Thu,52,12:45,Activity 2,3,3,0,Exact
3,4,Thu,53,13:00,Activity 1,0,9,9,Overcover
3,4,Thu,53,13:00,Activity 2,2,2,0,Exact
3,4,Thu,54,13:15,Activity 1,5,5,0,Exact
3,4,Thu,54,13:15,Activity 2,0,6,6,Overcover
3,4,Thu,55,13:30,Activity 1,8,8,0,Exact
3,4,Thu,55,13:30,Activity 2,1,3,2,Overcover
3,4,Thu,56,13:45,Activity 1,3,7,4,Overcover
3,4,Thu,56,13:45,Activity 2,3,3,0,Exact
3,4,Thu,57,14:00,Activity 1,7,3,-4,Undercover
3,4,Thu,57,14:00,Activity 2,7,7,0,Exact
3,4,Thu,58,14:15,Activity 1,4,8,4,Overcover
3,4,Thu,58,14:15,Activity 2,2,2,0,Exact
3,4,Thu,59,14:30,Activity 1,9,9,0,Exact
3,4,Thu,59,14:30,Activity 2,3,1,-2,Undercover
3,4,Thu,60,14:45,Activity 1,7,7,0,Exact
3,4,Thu,60,14:45,Activity 2,7,0,-7,Undercover
3,4,Thu,61,15:00,Activity 1,3,3,0,Exact
3,4,Thu,61,15:00,Activity 2,2,4,2,Overcover
3,4,Thu,62,15:15,Activity 1,3,2,-1,Undercover
3,4,Thu,62,15:15,Activity 2,5,5,0,Exact
3,4,Thu,63,15:30,Activity 1,5,5,0,Exact
3,4,Thu,63,15:30,Activity 2,0,2,2,Overcover
3,4,Thu,64,15:45,Activity 1,6,5,-1,Undercover
3,4,Thu,64,15:45,Activity 2,2,0,-2,Undercover
3,4,Thu,65,16:00,Activity 1,2,2,0,Exact
3,4,Thu,65,16:00,Activity 2,5,3,-2,Undercover
3,4,Thu,66,16:15,Activity 1,1,1,0,Exact
3,4,Thu,66,16:15,Activity 2,0,4,4,Overcover
3,4,Thu,67,16:30,Activity 1,1,1,0,Exact
3,4,Thu,67,16:30,Activity 2,7,4,-3,Undercover
3,4,Thu,68,16:45,Activity 1,7,2,-5,Undercover
3,4,Thu,68,16:45,Activity 2,1,1,0,Exact
3,4,Thu,69,17:00,Activity 1,3,3,0,Exact
3,4,Thu,69,17:00,Activity 2,1,0,-1,Undercover
3,4,Thu,70,17:15,Activity 1,3,3,0,Exact
3,4,Thu,70,17:15,Activity 2,1,0,-1,Undercover
3,4,Thu,71,17:30,Activity 1,1,1,0,Exact
3,4,Thu,71,17:30,Activity 2,0,2,2,Overcover
3,4,Thu,72,17:45,Activity 1,4,3,-1,Undercover
3,4,Thu,72,17:45,Activity 2,0,0,0,Exact
3,4,Thu,73,18:00,Activity 1,4,2,-2,Undercover
3,4,Thu,73,18:00,Activity 2,1,1,0,Exact
3,4,Thu,74,18:15,Activity 1,1,1,0,Exact
3,4,Thu,74,18:15,Activity 2,2,2,0,Exact
3,4,Thu,75,18:30,Activity 1,2,2,0,Exact
3,4,Thu,75,18:30,Activity 2,2,1,-1,Undercover
3,4,Thu,76,18:45,Activity 1,3,0,-3,Undercover
3,4,Thu,76,18:45,Activity 2,4,3,-1,Undercover
3,4,Thu,77,19:00,Activity 1,5,3,-2,Undercover
3,4,Thu,77,19:00,Activity 2,3,0,-3,Undercover
3,4,Thu,78,19:15,Activity 1,2,2,0,Exact
3,4,Thu,78,19:15,Activity 2,0,1,1,Overcover
3,4,Thu,79,19:30,Activity 1,3,3,0,Exact
3,4,Thu,79,19:30,Activity 2,0,0,0,Exact
3,4,Thu,80,19:45,Activity 1,2,2,0,Exact
3,4,Thu,80,19:45,Activity 2,0,1,1,Overcover
3,4,Thu,81,20:00,Activity 1,1,1,0,Exact
3,4,Thu,81,20:00,Activity 2,2,2,0,Exact
3,4,Thu,82,20:15,Activity 1,9,3,-6,Undercover
3,4,Thu,82,20:15,Activity 2,1,0,-1,Undercover
3,4,Thu,83,20:30,Activity 1,1,1,0,Exact
3,4,Thu,83,20:30,Activity 2,2,2,0,Exact
3,4,Thu,84,20:45,Activity 1,11,0,-11,Undercover
3,4,Thu,84,20:45,Activity 2,1,0,-1,Undercover
3,4,Thu,85,21:00,Activity 1,2,0,-2,Undercover
3,4,Thu,85,21:00,Activity 2,1,0,-1,Undercover
3,4,Thu,86,21:15,Activity 1,1,0,-1,Undercover
3,4,Thu,86,21:15,Activity 2,1,0,-1,Undercover
3,4,Thu,87,21:30,Activity 1,1,0,-1,Undercover
3,4,Thu,87,21:30,Activity 2,1,0,-1,Undercover
3,4,Thu,88,21:45,Activity 1,2,0,-2,Undercover
3,4,Thu,88,21:45,Activity 2,0,0,0,Exact
3,4,Thu,89,22:00,Activity 1,2,0,-2,Undercover
3,4,Thu,89,22:00,Activity 2,2,0,-2,Undercover
3,4,Thu,90,22:15,Activity 1,2,0,-2,Undercover
3,4,Thu,90,22:15,Activity 2,0,0,0,Exact
3,4,Thu,91,22:30,Activity 1,2,0,-2,Undercover
3,4,Thu,91,22:30,Activity 2,2,0,-2,Undercover
3,4,Thu,92,22:45,Activity 1,3,0,-3,Undercover
3,4,Thu,92,22:45,Activity 2,1,0,-1,Undercover
3,4,Thu,93,23:00,Activity 1,3,0,-3,Undercover
3,4,Thu,93,23:00,Activity 2,1,0,-1,Undercover
3,4,Thu,94,23:15,Activity 1,4,0,-4,Undercover
3,4,Thu,94,23:15,Activity 2,0,0,0,Exact
3,4,Thu,95,23:30,Activity 1,3,0,-3,Undercover
3,4,Thu,95,23:30,Activity 2,0,0,0,Exact
3,4,Thu,96,23:45,Activity 1,0,0,0,Exact
3,4,Thu,96,23:45,Activity 2,0,0,0,Exact
3,5,Fri,1,00:00,Activity 1,2,2,0,Exact
3,5,Fri,1,00:00,Activity 2,0,3,3,Overcover
3,5,Fri,2,00:15,Activity 1,2,2,0,Exact
3,5,Fri,2,00:15,Activity 2,3,3,0,Exact
3,5,Fri,3,00:30,Activity 1,5,3,-2,Undercover
3,5,Fri,3,00:30,Activity 2,2,2,0,Exact
3,5,Fri,4,00:45,Activity 1,4,1,-3,Undercover
3,5,Fri,4,00:45,Activity 2,4,4,0,Exact
3,5,Fri,5,01:00,Activity 1,5,5,0,Exact
3,5,Fri,5,01:00,Activity 2,3,0,-3,Undercover
3,5,Fri,6,01:15,Activity 1,3,3,0,Exact
3,5,Fri,6,01:15,Activity 2,0,2,2,Overcover
3,5,Fri,7,01:30,Activity 1,3,3,0,Exact
3,5,Fri,7,01:30,Activity 2,4,2,-2,Undercover
3,5,Fri,8,01:45,Activity 1,3,3,0,Exact
3,5,Fri,8,01:45,Activity 2,2,2,0,Exact
3,5,Fri,9,02:00,Activity 1,4,4,0,Exact
3,5,Fri,9,02:00,Activity 2,0,1,1,Overcover
3,5,Fri,10,02:15,Activity 1,1,1,0,Exact
3,5,Fri,10,02:15,Activity 2,0,4,4,Overcover
3,5,Fri,11,02:30,Activity 1,3,3,0,Exact
3,5,Fri,11,02:30,Activity 2,2,2,0,Exact
3,5,Fri,12,02:45,Activity 1,2,4,2,Overcover
3,5,Fri,12,02:45,Activity 2,1,1,0,Exact
3,5,Fri,13,03:00,Activity 1,4,2,-2,Undercover
3,5,Fri,13,03:00,Activity 2,3,3,0,Exact
3,5,Fri,14,03:15,Activity 1,1,4,3,Overcover
3,5,Fri,14,03:15,Activity 2,1,1,0,Exact
3,5,Fri,15,03:30,Activity 1,1,4,3,Overcover
3,5,Fri,15,03:30,Activity 2,1,1,0,Exact
3,5,Fri,16,03:45,Activity 1,5,4,-1,Undercover
3,5,Fri,16,03:45,Activity 2,1,1,0,Exact
3,5,Fri,17,04:00,Activity 1,0,0,0,Exact
3,5,Fri,17,04:00,Activity 2,5,5,0,Exact
3,5,Fri,18,04:15,Activity 1,5,5,0,Exact
3,5,Fri,18,04:15,Activity 2,0,0,0,Exact
3,5,Fri,19,04:30,Activity 1,3,3,0,Exact
3,5,Fri,19,04:30,Activity 2,3,2,-1,Undercover
3,5,Fri,20,04:45,Activity 1,0,0,0,Exact
3,5,Fri,20,04:45,Activity 2,5,5,0,Exact
3,5,Fri,21,05:00,Activity 1,2,2,0,Exact
3,5,Fri,21,05:00,Activity 2,2,3,1,Overcover
3,5,Fri,22,05:15,Activity 1,0,5,5,Overcover
3,5,Fri,22,05:15,Activity 2,0,0,0,Exact
3,5,Fri,23,05:30,Activity 1,1,3,2,Overcover
3,5,Fri,23,05:30,Activity 2,2,2,0,Exact
3,5,Fri,24,05:45,Activity 1,8,1,-7,Undercover
3,5,Fri,24,05:45,Activity 2,6,6,0,Exact
3,5,Fri,25,06:00,Activity 1,6,6,0,Exact
3,5,Fri,25,06:00,Activity 2,3,1,-2,Undercover
3,5,Fri,26,06:15,Activity 1,7,3,-4,Undercover
3,5,Fri,26,06:15,Activity 2,4,4,0,Exact
3,5,Fri,27,06:30,Activity 1,4,6,2,Overcover
3,5,Fri,27,06:30,Activity 2,1,1,0,Exact
3,5,Fri,28,06:45,Activity 1,4,1,-3,Undercover
3,5,Fri,28,06:45,Activity 2,6,6,0,Exact
3,5,Fri,29,07:00,Activity 1,5,5,0,Exact
3,5,Fri,29,07:00,Activity 2,1,2,1,Overcover
3,5,Fri,30,07:15,Activity 1,7,7,0,Exact
3,5,Fri,30,07:15,Activity 2,2,0,-2,Undercover
3,5,Fri,31,07:30,Activity 1,4,6,2,Overcover
3,5,Fri,31,07:30,Activity 2,1,1,0,Exact
3,5,Fri,32,07:45,Activity 1,5,0,-5,Undercover
3,5,Fri,32,07:45,Activity 2,4,4,0,Exact
3,5,Fri,33,08:00,Activity 1,6,4,-2,Undercover
3,5,Fri,33,08:00,Activity 2,3,0,-3,Undercover
3,5,Fri,34,08:15,Activity 1,15,4,-11,Undercover
3,5,Fri,34,08:15,Activity 2,2,0,-2,Undercover
3,5,Fri,35,08:30,Activity 1,3,2,-1,Undercover
3,5,Fri,35,08:30,Activity 2,2,2,0,Exact
3,5,Fri,36,08:45,Activity 1,6,4,-2,Undercover
3,5,Fri,36,08:45,Activity 2,3,3,0,Exact
3,5,Fri,37,09:00,Activity 1,9,5,-4,Undercover
3,5,Fri,37,09:00,Activity 2,2,2,0,Exact
3,5,Fri,38,09:15,Activity 1,3,1,-2,Undercover
3,5,Fri,38,09:15,Activity 2,6,6,0,Exact
3,5,Fri,39,09:30,Activity 1,3,0,-3,Undercover
3,5,Fri,39,09:30,Activity 2,9,7,-2,Undercover
3,5,Fri,40,09:45,Activity 1,3,3,0,Exact
3,5,Fri,40,09:45,Activity 2,0,4,4,Overcover
3,5,Fri,41,10:00,Activity 1,4,4,0,Exact
3,5,Fri,41,10:00,Activity 2,3,3,0,Exact
3,5,Fri,42,10:15,Activity 1,6,6,0,Exact
3,5,Fri,42,10:15,Activity 2,1,1,0,Exact
3,5,Fri,43,10:30,Activity 1,10,7,-3,Undercover
3,5,Fri,43,10:30,Activity 2,10,0,-10,Undercover
3,5,Fri,44,10:45,Activity 1,11,1,-10,Undercover
3,5,Fri,44,10:45,Activity 2,6,6,0,Exact
3,5,Fri,45,11:00,Activity 1,6,5,-1,Undercover
3,5,Fri,45,11:00,Activity 2,2,2,0,Exact
3,5,Fri,46,11:15,Activity 1,2,1,-1,Undercover
3,5,Fri,46,11:15,Activity 2,6,6,0,Exact
3,5,Fri,47,11:30,Activity 1,13,6,-7,Undercover
3,5,Fri,47,11:30,Activity 2,1,1,0,Exact
3,5,Fri,48,11:45,Activity 1,6,6,0,Exact
3,5,Fri,48,11:45,Activity 2,0,1,1,Overcover
3,5,Fri,49,12:00,Activity 1,8,7,-1,Undercover
3,5,Fri,49,12:00,Activity 2,0,0,0,Exact
3,5,Fri,50,12:15,Activity 1,10,7,-3,Undercover
3,5,Fri,50,12:15,Activity 2,9,0,-9,Undercover
3,5,Fri,51,12:30,Activity 1,7,3,-4,Undercover
3,5,Fri,51,12:30,Activity 2,4,4,0,Exact
3,5,Fri,52,12:45,Activity 1,3,3,0,Exact
3,5,Fri,52,12:45,Activity 2,2,5,3,Overcover
3,5,Fri,53,13:00,Activity 1,6,6,0,Exact
3,5,Fri,53,13:00,Activity 2,6,2,-4,Undercover
3,5,Fri,54,13:15,Activity 1,0,4,4,Overcover
3,5,Fri,54,13:15,Activity 2,4,4,0,Exact
3,5,Fri,55,13:30,Activity 1,5,5,0,Exact
3,5,Fri,55,13:30,Activity 2,4,3,-1,Undercover
3,5,Fri,56,13:45,Activity 1,5,7,2,Overcover
3,5,Fri,56,13:45,Activity 2,1,1,0,Exact
3,5,Fri,57,14:00,Activity 1,5,5,0,Exact
3,5,Fri,57,14:00,Activity 2,0,3,3,Overcover
3,5,Fri,58,14:15,Activity 1,7,4,-3,Undercover
3,5,Fri,58,14:15,Activity 2,4,4,0,Exact
3,5,Fri,59,14:30,Activity 1,4,7,3,Overcover
3,5,Fri,59,14:30,Activity 2,1,1,0,Exact
3,5,Fri,60,14:45,Activity 1,3,3,0,Exact
3,5,Fri,60,14:45,Activity 2,5,5,0,Exact
3,5,Fri,61,15:00,Activity 1,8,8,0,Exact
3,5,Fri,61,15:00,Activity 2,4,0,-4,Undercover
3,5,Fri,62,15:15,Activity 1,3,3,0,Exact
3,5,Fri,62,15:15,Activity 2,8,5,-3,Undercover
3,5,Fri,63,15:30,Activity 1,2,5,3,Overcover
3,5,Fri,63,15:30,Activity 2,3,3,0,Exact
3,5,Fri,64,15:45,Activity 1,9,8,-1,Undercover
3,5,Fri,64,15:45,Activity 2,2,0,-2,Undercover
3,5,Fri,65,16:00,Activity 1,7,7,0,Exact
3,5,Fri,65,16:00,Activity 2,2,1,-1,Undercover
3,5,Fri,66,16:15,Activity 1,7,7,0,Exact
3,5,Fri,66,16:15,Activity 2,5,1,-4,Undercover
3,5,Fri,67,16:30,Activity 1,2,2,0,Exact
3,5,Fri,67,16:30,Activity 2,0,6,6,Overcover
3,5,Fri,68,16:45,Activity 1,4,4,0,Exact
3,5,Fri,68,16:45,Activity 2,6,1,-5,Undercover
3,5,Fri,69,17:00,Activity 1,3,1,-2,Undercover
3,5,Fri,69,17:00,Activity 2,4,4,0,Exact
3,5,Fri,70,17:15,Activity 1,8,0,-8,Undercover
3,5,Fri,70,17:15,Activity 2,5,5,0,Exact
3,5,Fri,71,17:30,Activity 1,7,5,-2,Undercover
3,5,Fri,71,17:30,Activity 2,2,0,-2,Undercover
3,5,Fri,72,17:45,Activity 1,0,5,5,Overcover
3,5,Fri,72,17:45,Activity 2,0,0,0,Exact
3,5,Fri,73,18:00,Activity 1,3,3,0,Exact
3,5,Fri,73,18:00,Activity 2,0,2,2,Overcover
3,5,Fri,74,18:15,Activity 1,4,4,0,Exact
3,5,Fri,74,18:15,Activity 2,1,1,0,Exact
3,5,Fri,75,18:30,Activity 1,5,5,0,Exact
3,5,Fri,75,18:30,Activity 2,2,0,-2,Undercover
3,5,Fri,76,18:45,Activity 1,3,3,0,Exact
3,5,Fri,76,18:45,Activity 2,0,1,1,Overcover
3,5,Fri,77,19:00,Activity 1,3,1,-2,Undercover
3,5,Fri,77,19:00,Activity 2,3,3,0,Exact
3,5,Fri,78,19:15,Activity 1,2,1,-1,Undercover
3,5,Fri,78,19:15,Activity 2,3,3,0,Exact
3,5,Fri,79,19:30,Activity 1,7,4,-3,Undercover
3,5,Fri,79,19:30,Activity 2,0,0,0,Exact
3,5,Fri,80,19:45,Activity 1,3,0,-3,Undercover
3,5,Fri,80,19:45,Activity 2,1,0,-1,Undercover
3,5,Fri,81,20:00,Activity 1,6,0,-6,Undercover
3,5,Fri,81,20:00,Activity 2,2,0,-2,Undercover
3,5,Fri,82,20:15,Activity 1,5,0,-5,Undercover
3,5,Fri,82,20:15,Activity 2,0,0,0,Exact
3,5,Fri,83,20:30,Activity 1,3,0,-3,Undercover
3,5,Fri,83,20:30,Activity 2,0,0,0,Exact
3,5,Fri,84,20:45,Activity 1,0,0,0,Exact
3,5,Fri,84,20:45,Activity 2,0,0,0,Exact
3,5,Fri,85,21:00,Activity 1,3,0,-3,Undercover
3,5,Fri,85,21:00,Activity 2,1,0,-1,Undercover
3,5,Fri,86,21:15,Activity 1,4,0,-4,Undercover
3,5,Fri,86,21:15,Activity 2,1,0,-1,Undercover
3,5,Fri,87,21:30,Activity 1,2,0,-2,Undercover
3,5,Fri,87,21:30,Activity 2,2,0,-2,Undercover
3,5,Fri,88,21:45,Activity 1,1,0,-1,Undercover
3,5,Fri,88,21:45,Activity 2,1,0,-1,Undercover
3,5,Fri,89,22:00,Activity 1,3,0,-3,Undercover
3,5,Fri,89,22:00,Activity 2,1,0,-1,Undercover
3,5,Fri,90,22:15,Activity 1,2,0,-2,Undercover
3,5,Fri,90,22:15,Activity 2,1,0,-1,Undercover
3,5,Fri,91,22:30,Activity 1,0,0,0,Exact
3,5,Fri,91,22:30,Activity 2,4,0,-4,Undercover
3,5,Fri,92,22:45,Activity 1,3,0,-3,Undercover
3,5,Fri,92,22:45,Activity 2,1,0,-1,Undercover
3,5,Fri,93,23:00,Activity 1,3,0,-3,Undercover
3,5,Fri,93,23:00,Activity 2,3,0,-3,Undercover
3,5,Fri,94,23:15,Activity 1,5,0,-5,Undercover
3,5,Fri,94,23:15,Activity 2,2,0,-2,Undercover
3,5,Fri,95,23:30,Activity 1,2,0,-2,Undercover
3,5,Fri,95,23:30,Activity 2,1,0,-1,Undercover
3,5,Fri,96,23:45,Activity 1,0,0,0,Exact
3,5,Fri,96,23:45,Activity 2,0,0,0,Exact
3,6,Sat,1,00:00,Activity 1,7,1,-6,Undercover
3,6,Sat,1,00:00,Activity 2,2,2,0,Exact
3,6,Sat,2,00:15,Activity 1,3,3,0,Exact
3,6,Sat,2,00:15,Activity 2,3,0,-3,Undercover
3,6,Sat,3,00:30,Activity 1,5,3,-2,Undercover
3,6,Sat,3,00:30,Activity 2,1,0,-1,Undercover
3,6,Sat,4,00:45,Activity 1,3,0,-3,Undercover
3,6,Sat,4,00:45,Activity 2,3,3,0,Exact
3,6,Sat,5,01:00,Activity 1,5,3,-2,Undercover
3,6,Sat,5,01:00,Activity 2,4,0,-4,Undercover
3,6,Sat,6,01:15,Activity 1,8,3,-5,Undercover
3,6,Sat,6,01:15,Activity 2,3,0,-3,Undercover
3,6,Sat,7,01:30,Activity 1,6,3,-3,Undercover
3,6,Sat,7,01:30,Activity 2,6,0,-6,Undercover
3,6,Sat,8,01:45,Activity 1,2,2,0,Exact
3,6,Sat,8,01:45,Activity 2,3,1,-2,Undercover
3,6,Sat,9,02:00,Activity 1,3,0,-3,Undercover
3,6,Sat,9,02:00,Activity 2,5,3,-2,Undercover
3,6,Sat,10,02:15,Activity 1,8,3,-5,Undercover
3,6,Sat,10,02:15,Activity 2,3,0,-3,Undercover
3,6,Sat,11,02:30,Activity 1,5,3,-2,Undercover
3,6,Sat,11,02:30,Activity 2,1,0,-1,Undercover
3,6,Sat,12,02:45,Activity 1,6,3,-3,Undercover
3,6,Sat,12,02:45,Activity 2,0,0,0,Exact
3,6,Sat,13,03:00,Activity 1,5,3,-2,Undercover
3,6,Sat,13,03:00,Activity 2,3,0,-3,Undercover
3,6,Sat,14,03:15,Activity 1,1,1,0,Exact
3,6,Sat,14,03:15,Activity 2,0,2,2,Overcover
3,6,Sat,15,03:30,Activity 1,6,0,-6,Undercover
3,6,Sat,15,03:30,Activity 2,4,3,-1,Undercover
3,6,Sat,16,03:45,Activity 1,3,3,0,Exact
3,6,Sat,16,03:45,Activity 2,0,4,4,Overcover
3,6,Sat,17,04:00,Activity 1,3,3,0,Exact
3,6,Sat,17,04:00,Activity 2,4,4,0,Exact
3,6,Sat,18,04:15,Activity 1,8,2,-6,Undercover
3,6,Sat,18,04:15,Activity 2,5,5,0,Exact
3,6,Sat,19,04:30,Activity 1,6,6,0,Exact
3,6,Sat,19,04:30,Activity 2,1,1,0,Exact
3,6,Sat,20,04:45,Activity 1,6,6,0,Exact
3,6,Sat,20,04:45,Activity 2,2,1,-1,Undercover
3,6,Sat,21,05:00,Activity 1,2,2,0,Exact
3,6,Sat,21,05:00,Activity 2,6,5,-1,Undercover
3,6,Sat,22,05:15,Activity 1,1,6,5,Overcover
3,6,Sat,22,05:15,Activity 2,1,1,0,Exact
3,6,Sat,23,05:30,Activity 1,7,7,0,Exact
3,6,Sat,23,05:30,Activity 2,3,0,-3,Undercover
3,6,Sat,24,05:45,Activity 1,14,4,-10,Undercover
3,6,Sat,24,05:45,Activity 2,6,6,0,Exact
3,6,Sat,25,06:00,Activity 1,13,8,-5,Undercover
3,6,Sat,25,06:00,Activity 2,2,2,0,Exact
3,6,Sat,26,06:15,Activity 1,5,9,4,Overcover
3,6,Sat,26,06:15,Activity 2,1,1,0,Exact
3,6,Sat,27,06:30,Activity 1,8,5,-3,Undercover
3,6,Sat,27,06:30,Activity 2,5,5,0,Exact
3,6,Sat,28,06:45,Activity 1,6,8,2,Overcover
3,6,Sat,28,06:45,Activity 2,2,2,0,Exact
3,6,Sat,29,07:00,Activity 1,6,5,-1,Undercover
3,6,Sat,29,07:00,Activity 2,5,5,0,Exact
3,6,Sat,30,07:15,Activity 1,15,10,-5,Undercover
3,6,Sat,30,07:15,Activity 2,9,0,-9,Undercover
3,6,Sat,31,07:30,Activity 1,7,7,0,Exact
3,6,Sat,31,07:30,Activity 2,3,3,0,Exact
3,6,Sat,32,07:45,Activity 1,10,7,-3,Undercover
3,6,Sat,32,07:45,Activity 2,2,0,-2,Undercover
3,6,Sat,33,08:00,Activity 1,6,6,0,Exact
3,6,Sat,33,08:00,Activity 2,8,1,-7,Undercover
3,6,Sat,34,08:15,Activity 1,8,7,-1,Undercover
3,6,Sat,34,08:15,Activity 2,5,0,-5,Undercover
3,6,Sat,35,08:30,Activity 1,2,3,1,Overcover
3,6,Sat,35,08:30,Activity 2,4,4,0,Exact
3,6,Sat,36,08:45,Activity 1,8,4,-4,Undercover
3,6,Sat,36,08:45,Activity 2,3,3,0,Exact
3,6,Sat,37,09:00,Activity 1,7,7,0,Exact
3,6,Sat,37,09:00,Activity 2,2,0,-2,Undercover
3,6,Sat,38,09:15,Activity 1,7,4,-3,Undercover
3,6,Sat,38,09:15,Activity 2,3,3,0,Exact
3,6,Sat,39,09:30,Activity 1,9,7,-2,Undercover
3,6,Sat,39,09:30,Activity 2,7,0,-7,Undercover
3,6,Sat,40,09:45,Activity 1,2,4,2,Overcover
3,6,Sat,40,09:45,Activity 2,3,3,0,Exact
3,6,Sat,41,10:00,Activity 1,6,6,0,Exact
3,6,Sat,41,10:00,Activity 2,3,1,-2,Undercover
3,6,Sat,42,10:15,Activity 1,5,6,1,Overcover
3,6,Sat,42,10:15,Activity 2,1,1,0,Exact
3,6,Sat,43,10:30,Activity 1,12,0,-12,Undercover
3,6,Sat,43,10:30,Activity 2,8,7,-1,Undercover
3,6,Sat,44,10:45,Activity 1,10,9,-1,Undercover
3,6,Sat,44,10:45,Activity 2,6,0,-6,Undercover
3,6,Sat,45,11:00,Activity 1,8,8,0,Exact
3,6,Sat,45,11:00,Activity 2,1,1,0,Exact
3,6,Sat,46,11:15,Activity 1,5,5,0,Exact
3,6,Sat,46,11:15,Activity 2,5,4,-1,Undercover
3,6,Sat,47,11:30,Activity 1,9,9,0,Exact
3,6,Sat,47,11:30,Activity 2,0,0,0,Exact
3,6,Sat,48,11:45,Activity 1,8,0,-8,Undercover
3,6,Sat,48,11:45,Activity 2,4,4,0,Exact
3,6,Sat,49,12:00,Activity 1,5,1,-4,Undercover
3,6,Sat,49,12:00,Activity 2,3,3,0,Exact
3,6,Sat,50,12:15,Activity 1,8,4,-4,Undercover
3,6,Sat,50,12:15,Activity 2,2,0,-2,Undercover
3,6,Sat,51,12:30,Activity 1,8,4,-4,Undercover
3,6,Sat,51,12:30,Activity 2,1,0,-1,Undercover
3,6,Sat,52,12:45,Activity 1,8,8,0,Exact
3,6,Sat,52,12:45,Activity 2,1,0,-1,Undercover
3,6,Sat,53,13:00,Activity 1,9,8,-1,Undercover
3,6,Sat,53,13:00,Activity 2,2,0,-2,Undercover
3,6,Sat,54,13:15,Activity 1,13,5,-8,Undercover
3,6,Sat,54,13:15,Activity 2,3,3,0,Exact
3,6,Sat,55,13:30,Activity 1,2,2,0,Exact
3,6,Sat,55,13:30,Activity 2,9,6,-3,Undercover
3,6,Sat,56,13:45,Activity 1,7,7,0,Exact
3,6,Sat,56,13:45,Activity 2,1,1,0,Exact
3,6,Sat,57,14:00,Activity 1,3,3,0,Exact
3,6,Sat,57,14:00,Activity 2,0,5,5,Overcover
3,6,Sat,58,14:15,Activity 1,12,8,-4,Undercover
3,6,Sat,58,14:15,Activity 2,3,0,-3,Undercover
3,6,Sat,59,14:30,Activity 1,11,7,-4,Undercover
3,6,Sat,59,14:30,Activity 2,1,1,0,Exact
3,6,Sat,60,14:45,Activity 1,1,0,-1,Undercover
3,6,Sat,60,14:45,Activity 2,8,8,0,Exact
3,6,Sat,61,15:00,Activity 1,2,2,0,Exact
3,6,Sat,61,15:00,Activity 2,1,6,5,Overcover
3,6,Sat,62,15:15,Activity 1,2,0,-2,Undercover
3,6,Sat,62,15:15,Activity 2,9,8,-1,Undercover
3,6,Sat,63,15:30,Activity 1,4,7,3,Overcover
3,6,Sat,63,15:30,Activity 2,1,1,0,Exact
3,6,Sat,64,15:45,Activity 1,7,5,-2,Undercover
3,6,Sat,64,15:45,Activity 2,1,1,0,Exact
3,6,Sat,65,16:00,Activity 1,11,6,-5,Undercover
3,6,Sat,65,16:00,Activity 2,5,0,-5,Undercover
3,6,Sat,66,16:15,Activity 1,7,4,-3,Undercover
3,6,Sat,66,16:15,Activity 2,2,2,0,Exact
3,6,Sat,67,16:30,Activity 1,5,5,0,Exact
3,6,Sat,67,16:30,Activity 2,7,1,-6,Undercover
3,6,Sat,68,16:45,Activity 1,8,4,-4,Undercover
3,6,Sat,68,16:45,Activity 2,5,0,-5,Undercover
3,6,Sat,69,17:00,Activity 1,4,4,0,Exact
3,6,Sat,69,17:00,Activity 2,1,0,-1,Undercover
3,6,Sat,70,17:15,Activity 1,5,2,-3,Undercover
3,6,Sat,70,17:15,Activity 2,2,2,0,Exact
3,6,Sat,71,17:30,Activity 1,7,4,-3,Undercover
3,6,Sat,71,17:30,Activity 2,3,0,-3,Undercover
3,6,Sat,72,17:45,Activity 1,1,1,0,Exact
3,6,Sat,72,17:45,Activity 2,3,3,0,Exact
3,6,Sat,73,18:00,Activity 1,5,4,-1,Undercover
3,6,Sat,73,18:00,Activity 2,0,0,0,Exact
3,6,Sat,74,18:15,Activity 1,9,4,-5,Undercover
3,6,Sat,74,18:15,Activity 2,1,0,-1,Undercover
3,6,Sat,75,18:30,Activity 1,9,4,-5,Undercover
3,6,Sat,75,18:30,Activity 2,1,0,-1,Undercover
3,6,Sat,76,18:45,Activity 1,7,0,-7,Undercover
3,6,Sat,76,18:45,Activity 2,1,1,0,Exact
3,6,Sat,77,19:00,Activity 1,6,1,-5,Undercover
3,6,Sat,77,19:00,Activity 2,2,0,-2,Undercover
3,6,Sat,78,19:15,Activity 1,8,0,-8,Undercover
3,6,Sat,78,19:15,Activity 2,6,1,-5,Undercover
3,6,Sat,79,19:30,Activity 1,6,1,-5,Undercover
3,6,Sat,79,19:30,Activity 2,0,0,0,Exact
3,6,Sat,80,19:45,Activity 1,2,0,-2,Undercover
3,6,Sat,80,19:45,Activity 2,2,1,-1,Undercover
3,6,Sat,81,20:00,Activity 1,1,1,0,Exact
3,6,Sat,81,20:00,Activity 2,4,0,-4,Undercover
3,6,Sat,82,20:15,Activity 1,5,1,-4,Undercover
3,6,Sat,82,20:15,Activity 2,1,0,-1,Undercover
3,6,Sat,83,20:30,Activity 1,8,0,-8,Undercover
3,6,Sat,83,20:30,Activity 2,2,1,-1,Undercover
3,6,Sat,84,20:45,Activity 1,3,0,-3,Undercover
3,6,Sat,84,20:45,Activity 2,1,0,-1,Undercover
3,6,Sat,85,21:00,Activity 1,3,0,-3,Undercover
3,6,Sat,85,21:00,Activity 2,3,0,-3,Undercover
3,6,Sat,86,21:15,Activity 1,8,0,-8,Undercover
3,6,Sat,86,21:15,Activity 2,7,0,-7,Undercover
3,6,Sat,87,21:30,Activity 1,7,0,-7,Undercover
3,6,Sat,87,21:30,Activity 2,1,0,-1,Undercover
3,6,Sat,88,21:45,Activity 1,6,0,-6,Undercover
3,6,Sat,88,21:45,Activity 2,1,0,-1,Undercover
3,6,Sat,89,22:00,Activity 1,0,0,0,Exact
3,6,Sat,89,22:00,Activity 2,7,0,-7,Undercover
3,6,Sat,90,22:15,Activity 1,4,0,-4,Undercover
3,6,Sat,90,22:15,Activity 2,3,0,-3,Undercover
3,6,Sat,91,22:30,Activity 1,5,0,-5,Undercover
3,6,Sat,91,22:30,Activity 2,0,0,0,Exact
3,6,Sat,92,22:45,Activity 1,6,0,-6,Undercover
3,6,Sat,92,22:45,Activity 2,5,0,-5,Undercover
3,6,Sat,93,23:00,Activity 1,7,0,-7,Undercover
3,6,Sat,93,23:00,Activity 2,0,0,0,Exact
3,6,Sat,94,23:15,Activity 1,5,0,-5,Undercover
3,6,Sat,94,23:15,Activity 2,1,0,-1,Undercover
3,6,Sat,95,23:30,Activity 1,2,0,-2,Undercover
3,6,Sat,95,23:30,Activity 2,3,0,-3,Undercover
3,6,Sat,96,23:45,Activity 1,0,0,0,Exact
3,6,Sat,96,23:45,Activity 2,0,0,0,Exact
3,7,Sun,1,00:00,Activity 1,6,0,-6,Undercover
3,7,Sun,1,00:00,Activity 2,2,0,-2,Undercover
3,7,Sun,2,00:15,Activity 1,6,0,-6,Undercover
3,7,Sun,2,00:15,Activity 2,1,0,-1,Undercover
3,7,Sun,3,00:30,Activity 1,4,0,-4,Undercover
3,7,Sun,3,00:30,Activity 2,1,0,-1,Undercover
3,7,Sun,4,00:45,Activity 1,9,1,-8,Undercover
3,7,Sun,4,00:45,Activity 2,2,2,0,Exact
3,7,Sun,5,01:00,Activity 1,2,2,0,Exact
3,7,Sun,5,01:00,Activity 2,2,1,-1,Undercover
3,7,Sun,6,01:15,Activity 1,8,2,-6,Undercover
3,7,Sun,6,01:15,Activity 2,1,1,0,Exact
3,7,Sun,7,01:30,Activity 1,4,3,-1,Undercover
3,7,Sun,7,01:30,Activity 2,4,0,-4,Undercover
3,7,Sun,8,01:45,Activity 1,2,0,-2,Undercover
3,7,Sun,8,01:45,Activity 2,4,3,-1,Undercover
3,7,Sun,9,02:00,Activity 1,2,2,0,Exact
3,7,Sun,9,02:00,Activity 2,1,1,0,Exact
3,7,Sun,10,02:15,Activity 1,5,0,-5,Undercover
3,7,Sun,10,02:15,Activity 2,3,3,0,Exact
3,7,Sun,11,02:30,Activity 1,2,2,0,Exact
3,7,Sun,11,02:30,Activity 2,3,1,-2,Undercover
3,7,Sun,12,02:45,Activity 1,3,1,-2,Undercover
3,7,Sun,12,02:45,Activity 2,2,2,0,Exact
3,7,Sun,13,03:00,Activity 1,4,0,-4,Undercover
3,7,Sun,13,03:00,Activity 2,3,3,0,Exact
3,7,Sun,14,03:15,Activity 1,1,1,0,Exact
3,7,Sun,14,03:15,Activity 2,3,2,-1,Undercover
3,7,Sun,15,03:30,Activity 1,5,1,-4,Undercover
3,7,Sun,15,03:30,Activity 2,2,2,0,Exact
3,7,Sun,16,03:45,Activity 1,4,4,0,Exact
3,7,Sun,16,03:45,Activity 2,0,1,1,Overcover
3,7,Sun,17,04:00,Activity 1,4,4,0,Exact
3,7,Sun,17,04:00,Activity 2,0,1,1,Overcover
3,7,Sun,18,04:15,Activity 1,2,2,0,Exact
3,7,Sun,18,04:15,Activity 2,0,3,3,Overcover
3,7,Sun,19,04:30,Activity 1,8,5,-3,Undercover
3,7,Sun,19,04:30,Activity 2,0,0,0,Exact
3,7,Sun,20,04:45,Activity 1,5,5,0,Exact
3,7,Sun,20,04:45,Activity 2,4,3,-1,Undercover
3,7,Sun,21,05:00,Activity 1,1,3,2,Overcover
3,7,Sun,21,05:00,Activity 2,5,5,0,Exact
3,7,Sun,22,05:15,Activity 1,7,6,-1,Undercover
3,7,Sun,22,05:15,Activity 2,2,2,0,Exact
3,7,Sun,23,05:30,Activity 1,3,6,3,Overcover
3,7,Sun,23,05:30,Activity 2,2,2,0,Exact
3,7,Sun,24,05:45,Activity 1,6,6,0,Exact
3,7,Sun,24,05:45,Activity 2,0,2,2,Overcover
3,7,Sun,25,06:00,Activity 1,9,8,-1,Undercover
3,7,Sun,25,06:00,Activity 2,0,0,0,Exact
3,7,Sun,26,06:15,Activity 1,3,3,0,Exact
3,7,Sun,26,06:15,Activity 2,2,5,3,Overcover
3,7,Sun,27,06:30,Activity 1,4,7,3,Overcover
3,7,Sun,27,06:30,Activity 2,1,1,0,Exact
3,7,Sun,28,06:45,Activity 1,10,5,-5,Undercover
3,7,Sun,28,06:45,Activity 2,2,2,0,Exact
3,7,Sun,29,07:00,Activity 1,2,4,2,Overcover
3,7,Sun,29,07:00,Activity 2,3,3,0,Exact
3,7,Sun,30,07:15,Activity 1,9,0,-9,Undercover
3,7,Sun,30,07:15,Activity 2,7,7,0,Exact
3,7,Sun,31,07:30,Activity 1,9,7,-2,Undercover
3,7,Sun,31,07:30,Activity 2,1,0,-1,Undercover
3,7,Sun,32,07:45,Activity 1,3,3,0,Exact
3,7,Sun,32,07:45,Activity 2,1,4,3,Overcover
3,7,Sun,33,08:00,Activity 1,6,6,0,Exact
3,7,Sun,33,08:00,Activity 2,2,1,-1,Undercover
3,7,Sun,34,08:15,Activity 1,7,6,-1,Undercover
3,7,Sun,34,08:15,Activity 2,1,1,0,Exact
3,7,Sun,35,08:30,Activity 1,6,6,0,Exact
3,7,Sun,35,08:30,Activity 2,1,1,0,Exact
3,7,Sun,36,08:45,Activity 1,3,9,6,Overcover
3,7,Sun,36,08:45,Activity 2,2,2,0,Exact
3,7,Sun,37,09:00,Activity 1,2,2,0,Exact
3,7,Sun,37,09:00,Activity 2,1,9,8,Overcover
3,7,Sun,38,09:15,Activity 1,4,5,1,Overcover
3,7,Sun,38,09:15,Activity 2,6,6,0,Exact
3,7,Sun,39,09:30,Activity 1,2,10,8,Overcover
3,7,Sun,39,09:30,Activity 2,1,1,0,Exact
3,7,Sun,40,09:45,Activity 1,5,10,5,Overcover
3,7,Sun,40,09:45,Activity 2,1,1,0,Exact
3,7,Sun,41,10:00,Activity 1,4,4,0,Exact
3,7,Sun,41,10:00,Activity 2,7,7,0,Exact
3,7,Sun,42,10:15,Activity 1,6,9,3,Overcover
3,7,Sun,42,10:15,Activity 2,2,2,0,Exact
3,7,Sun,43,10:30,Activity 1,8,9,1,Overcover
3,7,Sun,43,10:30,Activity 2,2,2,0,Exact
3,7,Sun,44,10:45,Activity 1,5,5,0,Exact
3,7,Sun,44,10:45,Activity 2,4,5,1,Overcover
3,7,Sun,45,11:00,Activity 1,11,10,-1,Undercover
3,7,Sun,45,11:00,Activity 2,0,0,0,Exact
3,7,Sun,46,11:15,Activity 1,4,8,4,Overcover
3,7,Sun,46,11:15,Activity 2,2,2,0,Exact
3,7,Sun,47,11:30,Activity 1,2,2,0,Exact
3,7,Sun,47,11:30,Activity 2,3,8,5,Overcover
3,7,Sun,48,11:45,Activity 1,10,7,-3,Undercover
3,7,Sun,48,11:45,Activity 2,1,1,0,Exact
3,7,Sun,49,12:00,Activity 1,6,6,0,Exact
3,7,Sun,49,12:00,Activity 2,1,2,1,Overcover
3,7,Sun,50,12:15,Activity 1,4,4,0,Exact
3,7,Sun,50,12:15,Activity 2,4,4,0,Exact
3,7,Sun,51,12:30,Activity 1,2,2,0,Exact
3,7,Sun,51,12:30,Activity 2,0,6,6,Overcover
3,7,Sun,52,12:45,Activity 1,3,3,0,Exact
3,7,Sun,52,12:45,Activity 2,0,3,3,Overcover
3,7,Sun,53,13:00,Activity 1,4,4,0,Exact
3,7,Sun,53,13:00,Activity 2,2,2,0,Exact
3,7,Sun,54,13:15,Activity 1,6,6,0,Exact
3,7,Sun,54,13:15,Activity 2,3,0,-3,Undercover
3,7,Sun,55,13:30,Activity 1,3,3,0,Exact
3,7,Sun,55,13:30,Activity 2,0,3,3,Overcover
3,7,Sun,56,13:45,Activity 1,7,6,-1,Undercover
3,7,Sun,56,13:45,Activity 2,3,0,-3,Undercover
3,7,Sun,57,14:00,Activity 1,3,3,0,Exact
3,7,Sun,57,14:00,Activity 2,3,3,0,Exact
3,7,Sun,58,14:15,Activity 1,3,4,1,Overcover
3,7,Sun,58,14:15,Activity 2,2,2,0,Exact
3,7,Sun,59,14:30,Activity 1,8,6,-2,Undercover
3,7,Sun,59,14:30,Activity 2,3,0,-3,Undercover
3,7,Sun,60,14:45,Activity 1,4,4,0,Exact
3,7,Sun,60,14:45,Activity 2,5,3,-2,Undercover
3,7,Sun,61,15:00,Activity 1,5,6,1,Overcover
3,7,Sun,61,15:00,Activity 2,1,1,0,Exact
3,7,Sun,62,15:15,Activity 1,5,5,0,Exact
3,7,Sun,62,15:15,Activity 2,7,2,-5,Undercover
3,7,Sun,63,15:30,Activity 1,4,4,0,Exact
3,7,Sun,63,15:30,Activity 2,3,3,0,Exact
3,7,Sun,64,15:45,Activity 1,6,5,-1,Undercover
3,7,Sun,64,15:45,Activity 2,2,2,0,Exact
3,7,Sun,65,16:00,Activity 1,1,1,0,Exact
3,7,Sun,65,16:00,Activity 2,1,6,5,Overcover
3,7,Sun,66,16:15,Activity 1,5,6,1,Overcover
3,7,Sun,66,16:15,Activity 2,1,1,0,Exact
3,7,Sun,67,16:30,Activity 1,2,2,0,Exact
3,7,Sun,67,16:30,Activity 2,3,5,2,Overcover
3,7,Sun,68,16:45,Activity 1,5,3,-2,Undercover
3,7,Sun,68,16:45,Activity 2,2,2,0,Exact
3,7,Sun,69,17:00,Activity 1,8,5,-3,Undercover
3,7,Sun,69,17:00,Activity 2,4,0,-4,Undercover
3,7,Sun,70,17:15,Activity 1,3,0,-3,Undercover
3,7,Sun,70,17:15,Activity 2,5,5,0,Exact
3,7,Sun,71,17:30,Activity 1,8,3,-5,Undercover
3,7,Sun,71,17:30,Activity 2,2,2,0,Exact
3,7,Sun,72,17:45,Activity 1,3,3,0,Exact
3,7,Sun,72,17:45,Activity 2,0,2,2,Overcover
3,7,Sun,73,18:00,Activity 1,3,3,0,Exact
3,7,Sun,73,18:00,Activity 2,1,2,1,Overcover
3,7,Sun,74,18:15,Activity 1,5,5,0,Exact
3,7,Sun,74,18:15,Activity 2,1,0,-1,Undercover
3,7,Sun,75,18:30,Activity 1,4,4,0,Exact
3,7,Sun,75,18:30,Activity 2,3,1,-2,Undercover
3,7,Sun,76,18:45,Activity 1,1,1,0,Exact
3,7,Sun,76,18:45,Activity 2,0,2,2,Overcover
3,7,Sun,77,19:00,Activity 1,2,2,0,Exact
3,7,Sun,77,19:00,Activity 2,0,1,1,Overcover
3,7,Sun,78,19:15,Activity 1,5,3,-2,Undercover
3,7,Sun,78,19:15,Activity 2,0,0,0,Exact
3,7,Sun,79,19:30,Activity 1,2,2,0,Exact
3,7,Sun,79,19:30,Activity 2,0,1,1,Overcover
3,7,Sun,80,19:45,Activity 1,5,3,-2,Undercover
3,7,Sun,80,19:45,Activity 2,0,0,0,Exact
3,7,Sun,81,20:00,Activity 1,8,1,-7,Undercover
3,7,Sun,81,20:00,Activity 2,2,2,0,Exact
3,7,Sun,82,20:15,Activity 1,1,1,0,Exact
3,7,Sun,82,20:15,Activity 2,5,2,-3,Undercover
3,7,Sun,83,20:30,Activity 1,1,1,0,Exact
3,7,Sun,83,20:30,Activity 2,0,2,2,Overcover
3,7,Sun,84,20:45,Activity 1,3,3,0,Exact
3,7,Sun,84,20:45,Activity 2,0,0,0,Exact
3,7,Sun,85,21:00,Activity 1,0,2,2,Overcover
3,7,Sun,85,21:00,Activity 2,1,1,0,Exact
3,7,Sun,86,21:15,Activity 1,3,3,0,Exact
3,7,Sun,86,21:15,Activity 2,0,0,0,Exact
3,7,Sun,87,21:30,Activity 1,2,2,0,Exact
3,7,Sun,87,21:30,Activity 2,2,1,-1,Undercover
3,7,Sun,88,21:45,Activity 1,2,2,0,Exact
3,7,Sun,88,21:45,Activity 2,1,1,0,Exact
3,7,Sun,89,22:00,Activity 1,0,0,0,Exact
3,7,Sun,89,22:00,Activity 2,5,3,-2,Undercover
3,7,Sun,90,22:15,Activity 1,6,3,-3,Undercover
3,7,Sun,90,22:15,Activity 2,0,0,0,Exact
3,7,Sun,91,22:30,Activity 1,3,3,0,Exact
3,7,Sun,91,22:30,Activity 2,0,0,0,Exact
3,7,Sun,92,22:45,Activity 1,4,0,-4,Undercover
3,7,Sun,92,22:45,Activity 2,1,0,-1,Undercover
3,7,Sun,93,23:00,Activity 1,1,0,-1,Undercover
3,7,Sun,93,23:00,Activity 2,1,0,-1,Undercover
3,7,Sun,94,23:15,Activity 1,3,0,-3,Undercover
3,7,Sun,94,23:15,Activity 2,1,0,-1,Undercover
3,7,Sun,95,23:30,Activity 1,5,0,-5,Undercover
3,7,Sun,95,23:30,Activity 2,2,0,-2,Undercover
3,7,Sun,96,23:45,Activity 1,0,0,0,Exact
3,7,Sun,96,23:45,Activity 2,0,0,0,Exact
